<?xml version="1.0" encoding="UTF-8"?>
<pages><page><url><![CDATA[index]]></url><menuStatus><![CDATA[Y]]></menuStatus><menuOrder><![CDATA[0]]></menuOrder><menu><![CDATA[Strona główna]]></menu><title><![CDATA[Witaj na naszej stronie]]></title><parent><![CDATA[]]></parent><private><![CDATA[]]></private><tags><![CDATA[getsimple, easy, content management system]]></tags></page><page><url><![CDATA[aktualnosci]]></url><menuStatus><![CDATA[Y]]></menuStatus><menuOrder><![CDATA[1]]></menuOrder><menu><![CDATA[Aktualności]]></menu><title><![CDATA[Aktualności]]></title><parent><![CDATA[]]></parent><private><![CDATA[]]></private><tags><![CDATA[]]></tags></page><page><url><![CDATA[archwium]]></url><menuStatus><![CDATA[Y]]></menuStatus><menuOrder><![CDATA[2]]></menuOrder><menu><![CDATA[Archiwum]]></menu><title><![CDATA[Archiwum]]></title><parent><![CDATA[]]></parent><private><![CDATA[]]></private><tags><![CDATA[]]></tags></page><page><url><![CDATA[archiwum-20172018]]></url><menuStatus><![CDATA[Y]]></menuStatus><menuOrder><![CDATA[0]]></menuOrder><menu><![CDATA[Archiwum 2017/2018]]></menu><title><![CDATA[Archiwum 2017/2018]]></title><parent><![CDATA[archwium]]></parent><private><![CDATA[]]></private><tags><![CDATA[]]></tags></page><page><url><![CDATA[archiwum-x]]></url><menuStatus><![CDATA[Y]]></menuStatus><menuOrder><![CDATA[1]]></menuOrder><menu><![CDATA[Archiwum X]]></menu><title><![CDATA[Archiwum X]]></title><parent><![CDATA[archwium]]></parent><private><![CDATA[]]></private><tags><![CDATA[]]></tags></page></pages>
