<?xml version="1.0" encoding="UTF-8"?>
<channel><item><pubDate><![CDATA[Mon, 29 Apr 2019 08:25:57 +0200]]></pubDate><title><![CDATA[Witaj na naszej stronie]]></title><url><![CDATA[index]]></url><meta><![CDATA[getsimple, easy, content management system]]></meta><metad><![CDATA[]]></metad><menu><![CDATA[Strona główna]]></menu><menuStatus><![CDATA[Y]]></menuStatus><template><![CDATA[template.php]]></template><parent><![CDATA[]]></parent><private><![CDATA[]]></private><author><![CDATA[admin]]></author><menuOrder><![CDATA[0]]></menuOrder><slug><![CDATA[index]]></slug><filename><![CDATA[index.xml]]></filename></item><item><pubDate><![CDATA[Mon, 29 Apr 2019 08:26:06 +0200]]></pubDate><title><![CDATA[Aktualności]]></title><url><![CDATA[aktualnosci]]></url><meta><![CDATA[]]></meta><metad><![CDATA[]]></metad><menu><![CDATA[Aktualności]]></menu><menuStatus><![CDATA[Y]]></menuStatus><template><![CDATA[template.php]]></template><parent><![CDATA[]]></parent><private><![CDATA[]]></private><author><![CDATA[admin]]></author><menuOrder><![CDATA[1]]></menuOrder><slug><![CDATA[aktualnosci]]></slug><filename><![CDATA[aktualnosci.xml]]></filename></item><item><pubDate><![CDATA[Mon, 27 May 2019 08:36:05 +0200]]></pubDate><title><![CDATA[Archiwum 2017/2018]]></title><url><![CDATA[archiwum-20172018]]></url><meta><![CDATA[]]></meta><metad><![CDATA[]]></metad><menu><![CDATA[Archiwum 2017/2018]]></menu><menuOrder><![CDATA[0]]></menuOrder><menuStatus><![CDATA[Y]]></menuStatus><template><![CDATA[template.php]]></template><parent><![CDATA[archwium]]></parent><private><![CDATA[]]></private><author><![CDATA[admin]]></author><slug><![CDATA[archiwum-20172018]]></slug><filename><![CDATA[archiwum-20172018.xml]]></filename></item><item><pubDate><![CDATA[Mon, 20 May 2019 07:44:58 +0200]]></pubDate><title><![CDATA[Archiwum]]></title><url><![CDATA[archwium]]></url><meta><![CDATA[]]></meta><metad><![CDATA[]]></metad><menu><![CDATA[Archiwum]]></menu><menuStatus><![CDATA[Y]]></menuStatus><template><![CDATA[template.php]]></template><parent><![CDATA[]]></parent><private><![CDATA[]]></private><author><![CDATA[admin]]></author><menuOrder><![CDATA[2]]></menuOrder><slug><![CDATA[archwium]]></slug><filename><![CDATA[archwium.xml]]></filename></item><item><pubDate><![CDATA[Mon, 20 May 2019 07:46:29 +0200]]></pubDate><title><![CDATA[Archiwum X]]></title><url><![CDATA[archiwum-x]]></url><meta><![CDATA[]]></meta><metad><![CDATA[]]></metad><menu><![CDATA[Archiwum X]]></menu><menuStatus><![CDATA[Y]]></menuStatus><template><![CDATA[template.php]]></template><parent><![CDATA[archwium]]></parent><private><![CDATA[]]></private><author><![CDATA[admin]]></author><menuOrder><![CDATA[1]]></menuOrder><slug><![CDATA[archiwum-x]]></slug><filename><![CDATA[archiwum-x.xml]]></filename></item></channel>
