<?xml version="1.0" encoding="UTF-8"?>
<item><pubDate>Mon, 29 Apr 2019 08:26:06 +0200</pubDate><title><![CDATA[Aktualności]]></title><url><![CDATA[aktualnosci]]></url><meta><![CDATA[]]></meta><metad><![CDATA[]]></metad><menu><![CDATA[Aktualności]]></menu><menuStatus><![CDATA[Y]]></menuStatus><template><![CDATA[template.php]]></template><parent><![CDATA[]]></parent><content><![CDATA[&lt;p&gt;Tutaj będą aktualności&lt;/p&gt;
]]></content><private><![CDATA[]]></private><author><![CDATA[admin]]></author><menuOrder><![CDATA[1]]></menuOrder></item>
