<?xml version="1.0" encoding="UTF-8"?>
<item><pubDate>Mon, 20 May 2019 07:46:29 +0200</pubDate><title><![CDATA[Archiwum X]]></title><url><![CDATA[archiwum-x]]></url><meta><![CDATA[]]></meta><metad><![CDATA[]]></metad><menu><![CDATA[Archiwum X]]></menu><menuStatus><![CDATA[Y]]></menuStatus><template><![CDATA[template.php]]></template><parent><![CDATA[archwium]]></parent><content><![CDATA[&lt;p&gt;bhkewbhlkbhefbhflefewfeqfeeqfk jnqfebjrqebhrqbnkrerql ;ljrqwnjrqwnjrnjrqe;jrq;k qnjqnjrbnj rqnj renjre nj rebj rqjb bhkrq rqbhkrqe rerewrqewrqw&lt;/p&gt;
]]></content><private><![CDATA[]]></private><author><![CDATA[admin]]></author><menuOrder><![CDATA[1]]></menuOrder></item>
