<?xml version="1.0" encoding="UTF-8"?>
<pages><page><url><![CDATA[index]]></url><menuStatus><![CDATA[Y]]></menuStatus><menuOrder><![CDATA[0]]></menuOrder><menu><![CDATA[Home]]></menu><title><![CDATA[Home]]></title><parent><![CDATA[]]></parent><private><![CDATA[]]></private><tags><![CDATA[getsimple, easy, content management system]]></tags></page><page><url><![CDATA[aktualnosci]]></url><menuStatus><![CDATA[Y]]></menuStatus><menuOrder><![CDATA[1]]></menuOrder><menu><![CDATA[Aktualności ]]></menu><title><![CDATA[Aktualności]]></title><parent><![CDATA[]]></parent><private><![CDATA[]]></private><tags><![CDATA[]]></tags></page><page><url><![CDATA[archiwum]]></url><menuStatus><![CDATA[Y]]></menuStatus><menuOrder><![CDATA[2]]></menuOrder><menu><![CDATA[Archiwum]]></menu><title><![CDATA[Archiwum]]></title><parent><![CDATA[]]></parent><private><![CDATA[]]></private><tags><![CDATA[]]></tags></page><page><url><![CDATA[archiwum-201817]]></url><menuStatus><![CDATA[Y]]></menuStatus><menuOrder><![CDATA[0]]></menuOrder><menu><![CDATA[Archiwum 2018/17]]></menu><title><![CDATA[Archiwum 2018/17]]></title><parent><![CDATA[archiwum]]></parent><private><![CDATA[]]></private><tags><![CDATA[]]></tags></page><page><url><![CDATA[archiwum-201716]]></url><menuStatus><![CDATA[Y]]></menuStatus><menuOrder><![CDATA[1]]></menuOrder><menu><![CDATA[Archiwum 2017/16]]></menu><title><![CDATA[Archiwum 2017/16]]></title><parent><![CDATA[archiwum]]></parent><private><![CDATA[]]></private><tags><![CDATA[]]></tags></page></pages>
