<?xml version="1.0" encoding="UTF-8"?>
<item><pubDate>Fri, 31 May 2019 09:29:54 +0200</pubDate><title><![CDATA[Archiwum 2017/16]]></title><url><![CDATA[archiwum-201716]]></url><meta><![CDATA[]]></meta><metad><![CDATA[]]></metad><menu><![CDATA[Archiwum 2017/16]]></menu><menuStatus><![CDATA[Y]]></menuStatus><template><![CDATA[template.php]]></template><parent><![CDATA[archiwum]]></parent><content><![CDATA[]]></content><private><![CDATA[]]></private><author><![CDATA[admin]]></author><menuOrder><![CDATA[1]]></menuOrder></item>
