<?xml version="1.0" encoding="UTF-8"?>
<item><pubDate>Fri, 31 May 2019 09:28:55 +0200</pubDate><title><![CDATA[Archiwum 2018/17]]></title><url><![CDATA[archiwum-201817]]></url><meta><![CDATA[]]></meta><metad><![CDATA[]]></metad><menu><![CDATA[Archiwum 2018/17]]></menu><menuOrder><![CDATA[0]]></menuOrder><menuStatus><![CDATA[Y]]></menuStatus><template><![CDATA[template.php]]></template><parent><![CDATA[archiwum]]></parent><content><![CDATA[&lt;p&gt;Coś tam z życia klasy lata 18/17&lt;/p&gt;
]]></content><private><![CDATA[]]></private><author><![CDATA[admin]]></author></item>
